lat,lng,altitude,tower_distance,signal_strength
23.7488244,90.3702679,50,39.882151101441664,-57.055508361449846
23.7489244,90.3703879,50,31.339704773252237,-60.68795338661759
23.7489944,90.3702379,50,19.54931355274971,-73.5373048436303
23.7489944,90.3703579,50,40.10132923021281,-47.04482528236654
23.7488944,90.3702779,50,13.239288946745354,-79.43629034100299
23.7489844,90.3703679,50,43.26692347596071,-46.788631115440374
23.7489744,90.3702379,50,47.84993567912746,-38.07841640653535
23.7489844,90.3702879,50,39.088693546760226,-57.10684461938929
23.7488844,90.3702679,50,14.376895409167407,-78.52333935552616
23.7489444,90.3702879,50,43.243973417136964,-43.2724687047498
23.7488444,90.3702079,50,24.54234892214318,-75.37172958839474
23.7488844,90.3703379,50,42.60284534154103,-50.32611381484472
23.7488944,90.3702679,50,1.667767204091325,-96.57241716013394
23.7489944,90.3702079,50,3.3017599611043282,-100.23752029304978
23.7488544,90.3702179,50,1.136754684177177,-96.92501167860324
23.7488144,90.3702779,50,26.90571447685809,-71.24794743416118
23.7488144,90.3703279,50,49.990114405072525,-37.834746094493696
23.7488444,90.3702579,50,38.73853884802131,-58.25525833266884
23.748874400000002,90.3703279,50,15.227657095280861,-81.46966212179512
23.7490044,90.3703679,50,35.99429183813954,-59.099100319979705
23.7490044,90.3703079,50,18.585102891565036,-77.62207718761283
23.7488944,90.3703179,50,5.218707253709015,-88.83137855208173
23.7488244,90.3702079,50,14.935952109386186,-79.04268104775296
23.7488344,90.3702279,50,22.889332780948664,-67.54020909515486
23.7488944,90.3702279,50,28.657322424257575,-69.63959028568588
23.7489744,90.3702479,50,29.810636780248316,-63.97533109367939
23.7488844,90.3703779,50,39.6849223945482,-52.18646453576198
23.7489144,90.3702379,50,14.878431544011693,-82.7476143992102
23.7488144,90.3703079,50,45.77849819912468,-43.545739618195
23.7489844,90.3702979,50,45.60367844213744,-41.70246632048386
23.7489244,90.3702179,50,49.99873919467908,-40.56477849359049
23.7489444,90.3702579,50,33.052480494735335,-63.162717641985466
23.7488844,90.3703879,50,41.126152225266786,-53.17613331655143
23.748874400000002,90.3703179,50,29.909719731199214,-63.61541625045064
23.7488144,90.3703379,50,6.746251318912677,-94.78301043158777
23.7488544,90.3702079,50,8.267380539968194,-85.2174561984567
23.7488544,90.3702479,50,43.05922344443896,-48.46649953145277
23.7489144,90.3702279,50,15.98262656646341,-77.06591502289159
23.7488244,90.3702579,50,19.79207781707676,-79.72577973262315
23.748874400000002,90.3702479,50,36.654194793571556,-56.0873972180541
23.7489744,90.3702679,50,0.23803849541416122,-101.27690030804526
23.7489444,90.3702679,50,3.624916662402727,-98.83257798605804
23.7489844,90.3703379,50,32.71835478023263,-55.82930571350736
23.7489244,90.3703179,50,8.130082739666012,-86.32397814015891
23.7489044,90.3702579,50,38.70318006430731,-56.5293216988752
23.7489244,90.3703979,50,23.75786480027956,-70.63029273660416
23.7488544,90.3702179,50,48.55069695090432,-37.10786238004586
23.7489344,90.3702979,50,49.91256614643314,-44.121075923645854
23.7489944,90.3702279,50,37.6106019921737,-49.94549957417247
23.7489844,90.3702279,50,24.81879402075683,-69.9139457244944
23.7488644,90.3703579,50,31.040816433192226,-67.02144193031506
23.7488544,90.3703179,50,48.90464713210595,-41.844057310438146
23.748964400000002,90.3703279,50,44.331232365088965,-44.89310656824425
23.7489044,90.3703479,50,6.959123472770745,-87.20654556163254
23.7489144,90.3702679,50,33.45297233601313,-63.35251587150054
23.7490144,90.3703379,50,9.133612237525485,-90.2216261279596
23.7488644,90.3702579,50,30.37662382961423,-63.14724162576021
23.7489444,90.3703779,50,9.366745019545093,-88.62188223994183
23.7489044,90.3704079,50,31.729449359014893,-64.37605381229751
23.7488644,90.3704079,50,40.47441861686233,-50.98520873699391
23.7488244,90.3703279,50,26.93145518721623,-72.52219029833584
23.7489344,90.3702779,50,13.420668287003966,-81.99071910613814
23.7488144,90.3703979,50,39.855810485629384,-51.69106896882012
23.7489544,90.3703979,50,5.706397813306918,-94.2229480698176
23.7488344,90.3703879,50,24.7201667394388,-74.34668251889522
23.7489244,90.3703079,50,4.8935267593476715,-94.51290694615298
23.748874400000002,90.3702979,50,39.86632029549022,-51.3324125897605
23.7488444,90.3703679,50,8.547740047166958,-88.44781178698969
23.7489944,90.3702779,50,31.678424004492488,-63.82699752901191
23.7489344,90.3703279,50,33.10792896784064,-57.53142102758522
23.7488544,90.3703479,50,5.669971049380868,-92.25986886932591
23.7489144,90.3702279,50,21.369847047873098,-76.50157593510541
23.748964400000002,90.3703479,50,46.24468926661029,-43.42451258861131
23.7490144,90.3702779,50,3.189581364762745,-93.18568690555828
23.7488544,90.3702679,50,29.846886490348894,-64.23671638333711
23.7489544,90.3703579,50,11.852237764263807,-89.24969041042885
23.7489144,90.3703679,50,47.29875929205918,-40.50603184346285
23.7489044,90.3703879,50,36.59159626533904,-57.73969395791043
23.7489244,90.3703979,50,18.131402729065556,-81.30048499158086
23.7488544,90.3703379,50,22.72913356292487,-69.56651588669283
23.7489844,90.3703679,50,31.486261075991145,-58.0864106672457
23.7489944,90.3702679,50,3.670206841804957,-92.53453584174073
23.7488844,90.3702779,50,32.203753371712665,-57.60063057850729
23.7489844,90.3702279,50,38.18567627995643,-56.741391005364086
23.748964400000002,90.3703979,50,26.138195739337043,-70.60379613705393
23.7489044,90.3702679,50,39.212439859568185,-49.4979718186659
23.7488144,90.3702479,50,9.32073758836593,-90.21967025447424
23.7488644,90.3702879,50,28.99383249081825,-60.560871098404746
23.7488644,90.3702079,50,8.046902817488299,-87.54687874385374
23.748874400000002,90.3702779,50,44.46183542275108,-46.80238611983784
23.748874400000002,90.3704079,50,25.504294987851274,-68.13266817150623
23.7489444,90.3702279,50,13.149747217034019,-86.33310824726449
23.7488244,90.3702379,50,17.72307695677541,-78.78184458620022
23.748964400000002,90.3702079,50,12.02015123334122,-88.55129681179804
23.7488344,90.3702379,50,14.239366663167107,-82.53312819180212
23.7488844,90.3702379,50,12.008654569291838,-81.79752501438824
23.7489544,90.3702179,50,46.44010052255165,-43.00253327664138
23.7490144,90.3704079,50,8.296224858629097,-94.78210173830753
23.7488244,90.3703179,50,13.040323151876782,-84.56003075148155
23.748874400000002,90.3703479,50,34.26907467163799,-56.90136701234776
23.7489444,90.3702479,50,12.06096688672833,-88.35553081371647
23.7488444,90.3703079,50,40.778399550500126,-54.29485679314943
23.748964400000002,90.3702979,50,14.80803454333866,-86.16372352318842
23.748874400000002,90.3703679,50,5.488792821128996,-98.24136807174486
23.7488444,90.3702379,50,18.59918883561626,-77.31029862605057
23.7490044,90.3703379,50,11.613583821611146,-83.40532005589878
23.7489144,90.3703579,50,43.56489024536045,-51.43577494480322
23.7489844,90.3703779,50,9.91384400733205,-89.8306043003592
23.748874400000002,90.3703679,50,24.93306705597103,-68.1286624435077
23.7488244,90.3702779,50,11.571241888597427,-85.2018228037601
23.7489944,90.3702179,50,36.63059834866234,-57.00430884489468
23.7490044,90.3703279,50,1.4090982472956148,-98.26915660104295
23.7489144,90.3703779,50,39.731910999688516,-49.9539138649161
23.7489944,90.3703479,50,39.89503213934065,-51.66204927742361
23.7488644,90.3703079,50,7.676757620659491,-86.9051037877174
23.7488644,90.3703979,50,39.58945771113592,-48.370755744702315
23.7488144,90.3702479,50,32.21985189664751,-60.090532302158465
23.7488344,90.3702279,50,44.8752614211197,-41.45842058913181
23.7489844,90.3702279,50,45.31183938675882,-47.10435839515614
23.7488444,90.3702279,50,30.496708425978124,-62.938124940779
23.7489544,90.3703479,50,5.997456518915384,-94.61183297670243
23.7488544,90.3702879,50,12.07397542459211,-84.04416562181248
23.7489744,90.3702979,50,1.4622626353422263,-98.00675984618302
23.7488944,90.3702779,50,2.7785282037314563,-101.45965855374367
23.7488644,90.3702379,50,9.577354940332434,-90.28213736441009
23.7488444,90.3703879,50,34.675074434340495,-55.789016662203
23.7488544,90.3703979,50,41.89084998968592,-46.6631593523414
23.748964400000002,90.3702579,50,47.18693949701516,-38.6504986979329
23.7489944,90.3702179,50,38.44726864660455,-56.60106438272356
23.7488344,90.3703879,50,37.37220599026993,-55.90118588422364
23.7488944,90.3702079,50,30.255373532619746,-63.669898923716
23.748874400000002,90.3703779,50,16.72801329128637,-77.59166286625874
23.7490144,90.3702579,50,12.277063607207012,-81.97339770917308
23.7488844,90.3702779,50,3.764822073697421,-99.91440534881028
23.748964400000002,90.3703779,50,32.13517855831865,-64.30704469082161
23.7488344,90.3702779,50,31.718710189551135,-57.72149474425583
23.7488144,90.3703079,50,29.07543338744726,-65.72120396615946
23.7489444,90.3702179,50,13.228803629449526,-85.53567290832392
23.7488944,90.3703279,50,22.47782450267409,-73.77493366267569
23.7488644,90.3702679,50,4.074590814330447,-99.4286894464046
23.7488244,90.3703879,50,3.148077666631377,-96.1179626538783
23.7489744,90.3703079,50,38.16762023291426,-56.8488326898214
23.7489344,90.3702979,50,42.253798489619086,-44.530389788938734
23.748874400000002,90.3703779,50,25.203010191835013,-67.72009698142061
23.7489344,90.3703279,50,9.573324488661427,-92.9454953701684
23.7489444,90.3703579,50,10.994321113535872,-91.62776273101782
23.7489444,90.3703579,50,32.557214370964864,-56.74602618057627
23.7489744,90.3702079,50,38.80210356005591,-51.880225453495406
23.7489944,90.3702979,50,3.3513225684099535,-92.63197034902626
23.7488444,90.3702379,50,16.15426142163024,-82.20531891751875
23.7488644,90.3702179,50,18.382043992043073,-77.7240316144647
23.7488644,90.3703779,50,6.347052222834426,-95.74926981583832
23.7490144,90.3703279,50,0.9450900063969814,-101.84010195360852
23.7488344,90.3703179,50,6.472756712207367,-94.35070398905073
23.748874400000002,90.3702479,50,16.711331213064962,-79.23120052862406
23.7490044,90.3703179,50,7.247174450001337,-94.00253301742326
23.748874400000002,90.3703879,50,25.995983645203747,-70.43124703411769
23.7488844,90.3703779,50,17.473482022800475,-76.33585134182961
23.7488344,90.3703179,50,12.373920445198017,-82.08646716992335
23.7490144,90.3704079,50,5.242899666878387,-95.51407793628454
23.7488944,90.3703479,50,17.325336543695734,-78.73388641698763
23.7489944,90.3702579,50,39.96723736583365,-53.93256131734577
23.7488344,90.3703279,50,4.895112737558049,-90.61488257411894
23.7489244,90.3702379,50,35.88826923779438,-52.04979525893781
23.7488644,90.3702779,50,29.696104573888267,-69.05774443868961
23.7489144,90.3702279,50,23.192963935623162,-72.27385787358746
23.7488844,90.3703879,50,31.408846378909566,-63.9677029527986
23.7488144,90.3702479,50,23.82996088733607,-73.74878152068146
23.7488844,90.3703079,50,6.6661030344821235,-93.19955561976379
23.7489844,90.3703679,50,31.884876802590313,-63.20423221213893
23.7490144,90.3703579,50,5.395018626618365,-93.80669910537064
23.7488644,90.3702279,50,27.193567506305094,-71.47042942363092
23.7489244,90.3702979,50,47.73922391029532,-38.417816030339864
23.7490144,90.3702379,50,14.95885682705913,-84.30136387910804
23.7488544,90.3703479,50,42.78021739732104,-48.48225865075189
23.7488244,90.3703679,50,15.404430548114089,-83.96829794947517
23.7489444,90.3704079,50,9.349478673510319,-91.58511554827886
23.748874400000002,90.3703779,50,21.378858423554625,-76.75591576833703
23.7488944,90.3703879,50,4.7791669712678955,-97.1058499616241
23.7489044,90.3702679,50,33.71844001067023,-59.899159096768294
23.7489544,90.3704079,50,46.230131049304546,-47.92666432745624
23.7489944,90.3703179,50,1.844355874301401,-94.45825894817466
23.7488944,90.3703279,50,46.957562205785,-46.611764268760574
23.7489144,90.3703479,50,41.51697067145777,-47.700107972026856
23.7490044,90.3703679,50,13.261828127707936,-83.21623342346977
23.7488244,90.3702079,50,41.05167376127162,-54.077448278471266
23.7488944,90.3703679,50,32.65639822111257,-59.6419985583532
23.748874400000002,90.3702779,50,42.91184038380123,-51.891040689993176
23.7489344,90.3703279,50,1.3427831680246471,-94.25495686191223
23.7488644,90.3703379,50,39.64232447780493,-53.51100393235261
23.7489944,90.3702379,50,45.551544537165476,-45.39012320613532
23.7489044,90.3703979,50,28.308262076892703,-63.41207563013117
23.7488844,90.3703279,50,30.916128265988448,-65.42837491757781
23.7488944,90.3703979,50,0.7238973697297979,-103.2705416577848
23.7489844,90.3703279,50,39.68955624849411,-56.00945058003438
23.7488644,90.3702079,50,7.7307720858537765,-86.12530785191774
23.7489144,90.3702379,50,14.735521428151909,-77.35400252768076
23.7489044,90.3703879,50,24.623217712385344,-74.19024203070944
23.7488944,90.3702579,50,23.2255688493271,-75.96356143761506
23.7490044,90.3703979,50,5.659959702658856,-94.32435593311419
23.7489144,90.3703879,50,46.847485518362056,-42.33658103609907
23.7489944,90.3702679,50,21.71132690471664,-71.27335919676764
23.7489244,90.3702679,50,27.41385946560666,-65.57672624476803
23.7488244,90.3703879,50,37.80758690420702,-53.626032475936036
23.7489944,90.3702279,50,32.05268956068322,-56.63231372742045
23.7489244,90.3702179,50,31.101792930673188,-62.83958830595111
23.7489844,90.3703879,50,44.13045988369639,-43.199826762270874
23.7489044,90.3702179,50,15.069843058997323,-78.04026893806106
23.7488244,90.3703879,50,32.397808895022266,-61.48987354819858
23.7489844,90.3703979,50,28.829987286895236,-65.12010164607702
23.7488944,90.3703679,50,25.965400061706717,-64.73261715476575
23.7489844,90.3703879,50,20.71073518250716,-79.70785178847626
23.7489544,90.3702979,50,34.249895230820634,-56.87600940579802
23.7489444,90.3703279,50,0.1222633331563805,-94.86880571183966
23.7489744,90.3702279,50,35.111941222763065,-56.78016980844171
23.7488444,90.3702979,50,22.74852953368581,-68.53046315142412
23.7488944,90.3703279,50,3.1139202620058315,-100.59938661404
23.748874400000002,90.3703679,50,19.97948824073847,-75.7327987312412
23.7488444,90.3703179,50,9.089941713328475,-90.99595591118148
23.7489344,90.3703079,50,19.766466522578746,-79.97853466469249
23.7489444,90.3702879,50,15.329207840961,-80.04390347186636
23.7489544,90.3704079,50,40.18878424530962,-51.25391716103592
23.7488644,90.3702779,50,47.41819239886484,-40.23475268270173
23.7490144,90.3702879,50,27.443276546555985,-71.38805126813469
23.7488844,90.3703879,50,27.623393294570864,-67.09949260839721
23.7489044,90.3702779,50,16.957527625277972,-80.85740198019916
23.7488944,90.3703379,50,47.945392192529816,-39.347683998845554
23.7489044,90.3702579,50,0.7625257979601396,-97.5216261024451
23.7489344,90.3703979,50,3.0616627995175785,-92.55647102569249
23.748874400000002,90.3703879,50,32.06139887846564,-63.64740687033848
23.748874400000002,90.3703579,50,20.024511635555925,-73.65568400869086
23.7488944,90.3703779,50,42.871997044388884,-49.732055305091905
23.7488544,90.3703579,50,3.7118747267658128,-94.63087052049522
23.7488944,90.3704079,50,29.403429880274935,-65.51273346729083
23.7489544,90.3702179,50,11.288872825305313,-88.50831576937085
23.7489444,90.3702479,50,45.88002893705541,-46.63671837225858
23.7490044,90.3702779,50,38.40049838009527,-49.59105525522759
23.7490044,90.3702579,50,0.3128508343177516,-101.94967264077363
23.7489044,90.3702879,50,27.427586696959345,-65.88633462020887
23.7490144,90.3703079,50,8.688841178342072,-85.62279211175829
23.748964400000002,90.3702179,50,1.5747815587647318,-96.83965783491415
23.7489744,90.3703579,50,27.746604813743975,-68.83409155035952
23.7488444,90.3703579,50,36.50344214284358,-53.718776621687134
23.7489944,90.3702579,50,1.2686517310822154,-100.11252521837932
23.7488444,90.3703479,50,38.02472390841874,-54.035239419792156
23.748964400000002,90.3703479,50,9.879735787326693,-86.44552481364204
23.7488644,90.3703879,50,43.356102479663875,-51.712410959681556
23.7488244,90.3703979,50,29.362582598562497,-68.8254346552401
23.7489144,90.3703679,50,29.88232181071086,-66.10867268288668
23.7489444,90.3703979,50,29.847621308445166,-68.83719570541636
23.7489844,90.3703579,50,35.212178347531,-58.39806493312243
23.7488344,90.3702079,50,35.87141492252794,-53.68142008471732
23.748964400000002,90.3702079,50,18.277254141183825,-75.03035011848316
23.7488944,90.3703779,50,16.819102162719567,-81.84612122626355
23.7489044,90.3702879,50,24.062320526916515,-73.27369851824164
23.7488944,90.3703779,50,14.144438546490651,-82.23607731617015
23.7488844,90.3702279,50,28.331715512994926,-67.2773795275982
23.7489144,90.3702379,50,19.303628080725876,-81.42604895274181
23.7489344,90.3703679,50,26.659520508175238,-67.9397887364358
23.7488844,90.3702579,50,45.186419009237916,-48.39036097790134
23.7489344,90.3703079,50,35.192135468959776,-57.73065605666942
23.7488944,90.3702179,50,6.003231102816758,-96.65890881590417
23.7489444,90.3702379,50,22.56081699307928,-77.74054353840619
23.7489244,90.3703479,50,5.244894026469865,-96.04953774075814
23.7489544,90.3703579,50,33.37344854514245,-64.05082357995262
23.7489044,90.3703779,50,49.56004744263607,-36.217490608715025
23.7488344,90.3702779,50,0.6197921503972081,-96.54583815715532
23.7488244,90.3703779,50,39.111533776894056,-52.434611112068794
23.7488544,90.3703879,50,0.24482115770517177,-100.76155320350338
23.7490044,90.3703279,50,15.632084940272412,-80.20511684308192
23.7488544,90.3703579,50,12.52926464299524,-82.1205176204379
23.7488444,90.3703079,50,38.39806700360932,-52.186586136912936
23.7489944,90.3703279,50,45.52096591801003,-43.835498789253165
23.7489744,90.3703179,50,32.89701138169983,-58.35919988331251
23.7489444,90.3703979,50,4.860892687612961,-93.4563609949015
23.7488544,90.3702679,50,36.94609475070068,-51.54669162573177
23.7489944,90.3702679,50,4.373349054163528,-99.21409192447433
23.7488344,90.3702079,50,2.032074599926598,-98.44772524685251
23.748874400000002,90.3702679,50,12.569002588915023,-85.15358546442151
23.7489244,90.3704079,50,12.976529033046596,-83.78215515716519
23.7488844,90.3703279,50,21.12010587610593,-74.05526964686472
23.748874400000002,90.3702079,50,12.035164796966091,-83.95652368803272
23.7488144,90.3702979,50,26.551954257046255,-66.84444399874448
23.7489544,90.3703679,50,28.072353269926154,-68.44592485687896
23.748964400000002,90.3702679,50,20.883577021596206,-70.82587632130297
23.7489044,90.3702279,50,37.65341203532687,-53.62543083750183
23.7489044,90.3703279,50,13.259003592590213,-85.91732365332449
23.7489744,90.3703279,50,24.293501811999086,-69.43185816581136
23.748964400000002,90.3703879,50,29.0597611438818,-60.911498024379256
23.7488244,90.3703879,50,0.8866814556902747,-96.90638400227994
23.7489444,90.3702679,50,47.72154888416278,-41.953179140113754
23.7488444,90.3703379,50,34.20522958076671,-61.369262564864016
23.7488344,90.3703079,50,49.9444046697958,-43.49339613606389
23.7489144,90.3703879,50,31.98491585377612,-61.84719784906586
23.7488244,90.3703679,50,22.750000880435366,-75.07773739793723
23.7488244,90.3702579,50,41.14909940664002,-46.902460054198514
23.7489444,90.3703379,50,37.80774445522781,-52.97867689203538
23.7488844,90.3703679,50,46.27970185626931,-47.59745469686797
23.7488544,90.3703479,50,42.578433404353355,-51.979607778851914
23.748874400000002,90.3702379,50,21.16653497250941,-77.73754345169277
23.7488944,90.3702979,50,26.80000687398768,-63.93668448383667
23.7488244,90.3702879,50,27.119013208355735,-64.28652309355155
23.7489144,90.3702279,50,20.947493017657365,-76.49410254635508
23.748874400000002,90.3702679,50,23.011944342059486,-73.99434829055862
23.7489944,90.3703779,50,39.65671896349613,-53.16295623203898
23.7489544,90.3702079,50,31.75419247142724,-60.53979846253804
23.7489044,90.3703179,50,31.501853901612137,-57.210829293592084
23.7489544,90.3703879,50,31.903198373138935,-62.00189579245978
23.7489944,90.3702679,50,18.47189901240253,-78.13998716135218
23.748964400000002,90.3703379,50,30.433927135552423,-63.925378603262175
23.7488144,90.3703879,50,14.446963905625598,-84.6734849878159
23.7489544,90.3702379,50,7.29379880255932,-90.09165569856161
23.7489844,90.3703279,50,46.53716265581585,-43.91112046759607
23.7489344,90.3703279,50,31.722631424012977,-58.32471274433136
23.7488144,90.3702979,50,40.975257654995275,-52.57348695901353
23.7490144,90.3703979,50,22.49937579014353,-76.7168096358211
23.7489244,90.3702479,50,41.53511748154406,-47.49800032017863
23.7489344,90.3702679,50,17.210446299678615,-76.82447286277196
23.7489444,90.3703079,50,6.928554860327374,-88.28603193430614
23.7488844,90.3702179,50,35.27525263121107,-54.0779073104502
23.7490144,90.3703179,50,17.19566348317339,-82.32229591249634
23.7488544,90.3702279,50,35.23653003944805,-59.515821562607144
23.7489944,90.3702279,50,7.3868884143398095,-87.2239154887161
23.7488644,90.3703179,50,15.093862018179937,-85.41512450832099
23.7488844,90.3703279,50,14.60869162110735,-85.47484302973264
23.7488944,90.3703779,50,47.40040078195323,-40.446756758844565
23.748874400000002,90.3703179,50,17.7050040424443,-82.13045757186214
23.7489144,90.3703179,50,22.464125691685076,-68.06979228685847
23.7488844,90.3703879,50,4.059130995536342,-98.06021077843134
23.7489844,90.3702579,50,14.018655251852879,-82.26420826720374
23.7489944,90.3703979,50,5.380260189511787,-89.65221957968993
23.7488844,90.3702079,50,24.629112072875607,-71.25680696142
23.7488644,90.3702679,50,48.99666015676081,-43.392228680212895
23.7488144,90.3703479,50,46.83561808550862,-41.303251372563665
23.7489544,90.3703479,50,30.988926677828164,-63.74315870077288
23.7489444,90.3702179,50,42.0521920045889,-53.127708921237506
23.7489544,90.3703379,50,4.51957589598061,-97.25034500190442
23.748964400000002,90.3703279,50,38.157185751418645,-54.207111605368496
23.7489244,90.3703179,50,44.72007537923123,-43.93369090424611
23.7489344,90.3703879,50,16.864567255950085,-82.40751148505696
23.7488444,90.3703579,50,32.33548409140186,-65.07311355223297
23.7489944,90.3702979,50,47.052541182101756,-39.68081840487376
23.7488844,90.3703979,50,19.48459777259147,-79.38068144015963
23.7489344,90.3703679,50,23.934021407614114,-67.0163069053525
23.7489444,90.3702979,50,9.373633025980045,-88.85976386396902
23.7489944,90.3704079,50,30.17691714552204,-65.92328120911148
23.7490044,90.3703779,50,10.175168169647241,-87.42615026916245
23.7488544,90.3702979,50,22.10718598673354,-74.4969624801445
23.7489544,90.3703479,50,9.791209559835995,-89.02589749243327
23.7488844,90.3703979,50,27.106480260194992,-69.28189035866538
23.7488644,90.3702679,50,4.314932387368703,-91.25410937665723
23.7488844,90.3703579,50,26.004853427733742,-69.42801370405388
23.748874400000002,90.3703079,50,38.43538426592618,-49.51477420006386
23.7489144,90.3702079,50,9.579147090383167,-87.201918000431
23.7489044,90.3702979,50,2.1680255687407834,-100.0828704143085
23.7488644,90.3703979,50,34.140999683553744,-55.49090148740254
23.748874400000002,90.3703279,50,25.03602749829536,-72.62844568419541
23.7488644,90.3702779,50,1.1092938315235945,-96.36714561498073
23.7488444,90.3703479,50,15.820392852193837,-84.96173850229117
23.748874400000002,90.3703379,50,17.38109052290724,-83.71687565971067
23.7490044,90.3703679,50,30.715980064637822,-61.95333356266315
23.7488144,90.3702679,50,26.288346235874915,-71.97320130963871
23.7489244,90.3703979,50,47.199036084207734,-44.596686169528155
23.7490144,90.3702679,50,7.993958156211633,-93.97739633439262
23.7488344,90.3702679,50,1.5883990015223726,-102.2582190516929
23.7488544,90.3702879,50,44.08302538807134,-47.795922432188306
23.7489944,90.3702179,50,44.93218793183511,-43.33646488443847
23.7488344,90.3703479,50,36.0297837969493,-54.47531265415097
23.7488844,90.3702279,50,45.44113144258032,-44.75016063225112
23.748964400000002,90.3703679,50,47.317102472428495,-39.18221921515354
23.7488344,90.3702779,50,7.897409808720873,-93.69319892290818
23.7489944,90.3702079,50,3.7507186628328473,-95.88928697649698
23.7489744,90.3702679,50,15.463898168872014,-82.67685046216012
23.7488144,90.3703479,50,25.490338293413583,-67.61010876793453
23.7489544,90.3703779,50,32.374347531071905,-56.95453821036864
23.7489844,90.3702479,50,13.744809817707276,-78.88535484741386
23.7489244,90.3702179,50,6.952197721067432,-88.51509945121339
23.7488344,90.3703379,50,27.647317540461465,-65.6446623823193
23.7489844,90.3703679,50,3.481204791020398,-91.00789775872802
23.7488644,90.3702579,50,17.743816231641603,-75.56228168431953
23.7489144,90.3703379,50,25.71413612820753,-70.99602790952754
23.7489244,90.3703579,50,36.64204369051415,-59.506292312538555
23.7489344,90.3702579,50,44.643963404096496,-47.13259796746348
23.7488844,90.3703279,50,27.626757435506033,-65.77956282948327
23.7489444,90.3702379,50,24.091805623491787,-68.19504251529827
23.7489444,90.3703479,50,12.947981405686981,-80.3723669591411
23.7490044,90.3702979,50,28.518545663661882,-67.69733391820122
23.7490044,90.3702679,50,31.3534639776791,-65.10452470420616
23.7489744,90.3703079,50,25.850531203736733,-66.53112207472056
23.7490144,90.3702579,50,4.891046636091017,-90.41101805787844
23.7489344,90.3702279,50,35.31371524303879,-61.18028137326153
23.7489844,90.3702079,50,3.2746304440110285,-93.3282687694966
23.7490044,90.3702179,50,22.340198548873722,-78.18610373936224
23.7488544,90.3703579,50,11.44283475942659,-86.51944362124176
23.7490044,90.3703179,50,32.00438301147711,-63.80848155653601
23.7489244,90.3702079,50,38.25582149821153,-53.990747923582234
23.7488944,90.3702679,50,31.121000267568256,-60.26437244128655
23.7489344,90.3702979,50,36.13648905078873,-54.40465291465446
23.7488444,90.3702979,50,48.240780440121945,-46.607516220174475
23.7489244,90.3702679,50,48.69525679646679,-38.54368644127165
23.7489444,90.3703779,50,4.424405697390505,-96.5083122502817
23.7489344,90.3703279,50,10.711773854476158,-88.06522606890616
23.7489444,90.3702979,50,21.096018868380824,-73.94203474976584
23.7489444,90.3702379,50,19.959882922381468,-78.69302689645477
23.7488444,90.3703279,50,25.29667786114695,-74.64298600378478
23.7489544,90.3702879,50,43.29035422476809,-51.42859176576031
23.7489944,90.3702979,50,20.693070810174508,-72.48960595667283
23.7488344,90.3703879,50,38.5889979893042,-55.258892313944166
23.7489144,90.3702979,50,47.84699460342659,-38.976915745889485
23.7488944,90.3703079,50,26.1557022603831,-72.50474487865738
23.7489544,90.3702879,50,31.530914542061474,-57.87134210299734
23.7488544,90.3703379,50,29.355969373987385,-61.02159598862093
23.7488944,90.3702779,50,22.830406513650015,-68.17703059875309
23.748874400000002,90.3702679,50,25.50838538229184,-70.68030919046518
23.7489944,90.3703379,50,11.145174973170896,-82.3774969613927
23.7488544,90.3703379,50,22.97062340165055,-70.19869745403572
23.7488844,90.3702679,50,1.6246702551171888,-95.44610067180437
23.7488344,90.3702779,50,46.14678901674773,-41.36745944488898
23.7489444,90.3703879,50,10.025220452526884,-89.11399919466798
23.748874400000002,90.3703279,50,30.750680160815975,-65.39381368091294
23.7488244,90.3702179,50,9.180407194871771,-84.55665487801355
23.7488844,90.3702779,50,23.41574321744545,-69.11667948660379
23.7489444,90.3704079,50,44.019674788648935,-42.22176993540354
23.7489044,90.3702179,50,3.134458431342957,-96.79676959868658
23.7489744,90.3702279,50,46.364714959803834,-46.89781456810031
23.748964400000002,90.3702479,50,39.37733762209257,-52.6496945575702
23.7488944,90.3703679,50,30.031335518900214,-62.95613437581667
23.7490144,90.3703179,50,31.493264190619268,-58.08281309882264
23.748964400000002,90.3702079,50,31.379548255609123,-59.07389053516214
23.7489044,90.3702379,50,13.553201542764038,-83.23281070546464
23.7488144,90.3703379,50,14.54562192097879,-87.23959562110778
23.7488244,90.3702879,50,20.187363699206706,-78.44710380342276
23.7488244,90.3702879,50,27.72259873508452,-67.98777355532931
23.7490144,90.3702279,50,31.38046023761083,-64.64755148969104
23.7489544,90.3702479,50,32.55960740245351,-61.30154693793265
23.7488244,90.3703879,50,25.40158270930229,-69.95812221802784
23.7490144,90.3702779,50,37.500013814111064,-51.24884694181577
23.7488344,90.3702179,50,15.557972824730914,-76.8867619461614
23.7489544,90.3702379,50,25.648596239989235,-73.4959247733043
23.7489444,90.3703379,50,22.49431265705571,-72.20471938318114
23.7488544,90.3704079,50,17.50108479866469,-83.63720435896715
23.7488144,90.3703379,50,32.80059257788499,-57.136112188225745
23.7490044,90.3702879,50,48.97284565964481,-43.700663944323416
23.7489344,90.3703879,50,24.234659109215478,-67.87576168891427
23.748874400000002,90.3702579,50,38.121537520233815,-52.04573466517087
23.7489744,90.3703279,50,36.79614896572164,-52.64016107391451
23.7488344,90.3703179,50,44.33090067570651,-50.052668707153195
23.7488844,90.3702279,50,28.714852315652777,-64.58036680080532
23.7490044,90.3703479,50,4.811971600944798,-90.29834890788476
23.7489244,90.3702379,50,37.675222340152544,-52.40833069315848
23.7488644,90.3702179,50,47.36344294296993,-38.91622885016923
23.7489344,90.3704079,50,5.0895145511524795,-88.89745911021865
23.748964400000002,90.3702979,50,5.739219938961865,-94.15739054170353
23.7489344,90.3702879,50,23.580581400066837,-76.45502346183281
23.7488844,90.3702379,50,3.1521924467663442,-97.84683243163491
23.7489444,90.3702379,50,38.572040595281784,-54.52760928584829
23.7489444,90.3703879,50,18.325768859750603,-76.42562402808672
23.7488844,90.3703779,50,9.092439744005814,-84.70502119144598
23.7489744,90.3702179,50,15.565608180068924,-78.3763284168713
23.7489344,90.3702679,50,43.409825019272546,-43.72415461249821
23.7488644,90.3702279,50,5.019621152644438,-92.31172165274035
23.7489844,90.3702879,50,8.985419458061955,-84.67626452688955
23.7488644,90.3703879,50,44.251687880449424,-50.81672520289838
23.7489344,90.3702479,50,15.653415728884074,-84.00242391875695
23.7490144,90.3702979,50,48.63755073911525,-44.55785503522391
23.7488644,90.3702179,50,11.584530437108958,-90.43911955614551
23.748964400000002,90.3703679,50,46.96770930413444,-38.89329086709442
23.7489444,90.3702879,50,12.137143068715595,-88.82769647727726
23.7488144,90.3703579,50,36.58761914725829,-58.757067585963526
23.7489444,90.3703279,50,34.9514344377099,-53.865292057936784
23.748964400000002,90.3702679,50,45.80368472139645,-45.873716982272846
23.7489444,90.3703479,50,48.173170109821264,-40.991915965468124
23.7489844,90.3702979,50,36.90506861570212,-52.045940009262274
23.7489544,90.3703379,50,32.971296794221125,-59.8677064775399
23.748964400000002,90.3703479,50,42.547426861057005,-44.87871951318913
23.7489044,90.3703879,50,1.6363149594930682,-97.17324588705861
23.748874400000002,90.3704079,50,35.34147956884466,-55.731581867408856
23.7488544,90.3703379,50,31.606876978595054,-58.567335850940815
23.7488244,90.3702879,50,39.285641020873626,-51.93195066024351
23.7490044,90.3703479,50,27.28293960415088,-70.77884776944438
23.7489844,90.3702479,50,49.913708551552794,-41.15192599448694
23.7489244,90.3702079,50,43.86864161022153,-50.49666699897585
23.7489344,90.3703779,50,26.374003849827872,-68.6056615301542
23.7488644,90.3704079,50,21.338885547897746,-76.77072233936163
23.7489144,90.3703379,50,49.87365870650877,-42.10593993087917
23.7489044,90.3703379,50,44.79694879575848,-42.33538673508146
23.748964400000002,90.3704079,50,48.810330543483566,-43.23416668428645
23.7488544,90.3703379,50,27.23827019953407,-65.11781634462258
23.7489044,90.3702379,50,48.35500547608333,-44.68455319303084
23.7489044,90.3702379,50,43.52143529551492,-42.89071590811753
23.7489544,90.3703779,50,46.425087567273124,-47.22083972805029
23.748964400000002,90.3702879,50,44.904992734472074,-47.32143889153473
23.7489844,90.3703379,50,47.519309475619295,-39.53543041035212
23.7489244,90.3702779,50,13.484002696531938,-80.29269174193627
23.7489444,90.3702979,50,44.404958240897614,-51.30036127376481
23.7489444,90.3703379,50,32.47899357916878,-60.99794387029125
23.7488544,90.3703479,50,20.156509845370067,-75.54365320520067
23.7489344,90.3703579,50,9.221748459130463,-85.70640163511139
23.7488644,90.3702879,50,29.914843066216356,-67.32841136229689
23.7489344,90.3702779,50,42.421327848254,-51.57338029335406
23.7489444,90.3702279,50,39.25033448191183,-56.669933882747195
23.7488444,90.3702379,50,3.10813676358746,-100.48496818707929
23.7489044,90.3702179,50,40.518565949746225,-55.954424066841156
23.7489344,90.3702379,50,36.136457526200395,-56.339020727288066
23.7489444,90.3702979,50,5.163089849957553,-98.60682556129285
23.7488144,90.3702679,50,26.451287718746723,-68.55101287421425
23.7489244,90.3702379,50,3.1184713451545,-93.87283315421111
23.7489744,90.3703479,50,1.6478576178895088,-98.86269340494403
23.7489044,90.3702079,50,31.609083504206836,-63.124957509035134
23.7490044,90.3702279,50,12.997252254075415,-86.98659470820829
23.7488344,90.3702679,50,6.114010564880967,-89.75741044395356
23.7488444,90.3703879,50,8.561015537041634,-91.82049695568091
23.7488244,90.3703779,50,45.45239462204684,-44.87432773575887
23.7489844,90.3703379,50,42.275357985952795,-47.29562053174087
23.7490044,90.3702779,50,25.491680279670476,-70.84325208984562
23.7489344,90.3702079,50,48.14624552471818,-45.63124392841932
23.7490044,90.3702979,50,40.96711536215067,-46.10743326544764
23.7488344,90.3702679,50,47.05088914280523,-40.41831027280514
23.7489544,90.3703779,50,42.13959745929389,-47.53925781622886
23.7490144,90.3704079,50,38.83374062637813,-53.09025211291416
23.7489744,90.3702479,50,38.52911975401347,-57.69392903754782
23.7490044,90.3703279,50,37.14761920478803,-52.38740725879964
23.7489844,90.3702479,50,16.927354813657587,-79.60498778599515
23.7488344,90.3702179,50,31.708672805190595,-65.05762659637573
23.7490144,90.3703979,50,11.562207051310136,-84.48040228159392
23.7489244,90.3704079,50,4.657588123383754,-97.29632094744527
23.7489144,90.3702479,50,11.223762072745469,-91.44391871050507
23.7489344,90.3703779,50,48.20243556098631,-37.36810662815089
23.748964400000002,90.3703879,50,10.558969499064114,-82.42037499384877
23.7490144,90.3702579,50,10.843220998359854,-91.95389431784974
23.7489944,90.3703879,50,20.99375457748478,-74.83930351295521
23.7489844,90.3702379,50,28.422205153244988,-65.33733192565658
23.7488644,90.3703179,50,16.629795496688022,-83.3455429283898
23.7489244,90.3703979,50,48.715574091799255,-38.17076920523937
23.7489344,90.3704079,50,16.88751123924399,-81.96609866871664
23.7489444,90.3703479,50,3.814223378281334,-97.1818184612335
23.748964400000002,90.3702779,50,48.58934074343329,-41.52797511462303
23.7488444,90.3703279,50,5.255900709722939,-94.11576931256842
23.7488144,90.3702279,50,40.29980506694223,-56.11604600320126
23.7489944,90.3703079,50,9.547608242563872,-89.24457144122049
23.7489344,90.3703179,50,3.3720360937264884,-100.93863317568942
23.7488844,90.3703379,50,44.36940099151671,-42.26022737173509
23.7489144,90.3703679,50,35.942695365054355,-55.32573870311641
23.7488244,90.3702379,50,46.8942823731391,-43.25867938171996
23.7489144,90.3702079,50,2.0347095526598027,-94.9059343825996
23.7490144,90.3702279,50,18.510081809283474,-81.15124308891333
23.7489544,90.3702779,50,5.6100355657578485,-94.2278529868303
23.7490044,90.3702179,50,22.474143913976963,-69.7076065627581
23.748874400000002,90.3703679,50,38.05285837261047,-49.577181968640424
23.7489044,90.3703479,50,29.503956403629132,-66.01203736512059
23.7488844,90.3703679,50,14.123942344413448,-83.3187073335302
23.7489544,90.3702679,50,11.562573291968887,-85.09683705821934
23.7490144,90.3704079,50,9.398699859299342,-86.1880887305636
23.7488644,90.3703679,50,36.66765603422321,-59.69705400721326
23.7488844,90.3702579,50,2.0506335842344123,-94.93294733055784
23.7489844,90.3703779,50,18.45619560805653,-72.86809137775822
23.7489544,90.3703079,50,27.016071123206657,-72.53679095458071
23.7489144,90.3703779,50,2.525350585266156,-98.7380348469243
23.7490144,90.3703579,50,1.8575334584745418,-93.3027295965449
23.7489144,90.3702779,50,15.997237518223622,-78.46111761624229
23.748874400000002,90.3703679,50,21.17478448000193,-76.80724330300694
23.7489544,90.3702879,50,16.78468922156456,-75.53524743669045
23.748874400000002,90.3703679,50,15.297424338021937,-77.40085316224031
23.7490144,90.3703079,50,41.49420419756579,-52.94216902799118
23.7488344,90.3702979,50,35.42040847848427,-52.8155638623827
23.7488544,90.3702479,50,43.968801219177415,-51.34067080718822
23.748964400000002,90.3704079,50,18.2469136450133,-73.53001061442313
23.7489544,90.3702979,50,48.32641945429425,-46.87384442777905
23.7488144,90.3703479,50,44.744524229013095,-46.93522268212023
23.748874400000002,90.3703179,50,27.38820035578789,-67.53588609172348
23.7489344,90.3703779,50,16.593529506849062,-76.34754457483518
23.7488944,90.3703279,50,9.644940595629098,-90.99945818569203
23.7489844,90.3703379,50,22.020976085536752,-73.29082397764354
23.748964400000002,90.3702779,50,45.12635225781482,-46.94164994854113
23.7488544,90.3704079,50,24.050395989656874,-68.39414402465162
23.7489944,90.3702679,50,34.21458410010305,-61.236322399488536
23.7488344,90.3703179,50,32.08229873950112,-59.32985796234372
23.7489044,90.3703179,50,3.023255079190129,-100.40976316404166
23.7489044,90.3702479,50,29.600974675186354,-65.0796577915901
23.7489144,90.3703379,50,9.772682937062266,-87.5235486932098
23.7489844,90.3703479,50,46.14854696166331,-46.11054348002294
23.7490044,90.3703479,50,19.19434494913966,-80.59809873479449
23.7488344,90.3703279,50,26.748434051603247,-71.50114333537589
23.7488844,90.3702979,50,11.237344908473041,-84.46635448195443
23.7489044,90.3703579,50,7.923606952583101,-93.07281398279899
23.748964400000002,90.3702779,50,45.478769164814146,-43.38783830198369
23.7489444,90.3703879,50,10.484897051474796,-86.82007158115891
23.7490144,90.3703379,50,11.686527295062293,-81.22912575098407
23.7488444,90.3702479,50,2.6433054320986304,-95.5257360216709
23.7488344,90.3703679,50,19.261948342348628,-80.97833307338071
23.7488944,90.3703079,50,49.61571940244948,-44.20872385275707
23.7489444,90.3702579,50,29.091294870221322,-65.99669243773886
23.7489244,90.3703979,50,33.513314533639935,-64.63255805033788
23.7489344,90.3702379,50,36.3766425266834,-52.11365540235054
23.7489344,90.3702779,50,26.171223268674954,-66.06557233712485
23.7490144,90.3702379,50,5.13355460086109,-89.49726653145667
23.7489344,90.3702979,50,38.383589514533796,-54.9048594332556
23.7488944,90.3703279,50,7.15838993896945,-89.56305457033059
23.7490044,90.3702279,50,14.954333164438815,-86.54204582472393
23.7488344,90.3703279,50,28.729328682655908,-64.86670685379823
23.7489944,90.3703279,50,9.976524849335334,-89.71079380594958
23.7488944,90.3702579,50,26.969364949475416,-69.83800609141844
23.7490144,90.3702579,50,0.5628889074916266,-95.1695522458171
23.7489744,90.3703979,50,9.139143051331311,-88.39027294010835
23.7488444,90.3703279,50,20.89517357671795,-79.72053321263886
23.7489344,90.3703779,50,23.790156844049616,-75.86550122211247
23.7489744,90.3703579,50,38.92075185524948,-53.047766705418105
23.7488344,90.3702379,50,33.71414951632356,-60.84802525260919
23.7489844,90.3702479,50,6.752702569707713,-90.7183485838815
23.7488644,90.3704079,50,34.63972606243147,-55.92988360368329
23.748964400000002,90.3702679,50,40.34823414646982,-55.68409785451021
23.7489144,90.3703779,50,16.98813131909495,-78.6819351188041
23.7489844,90.3703879,50,48.937330770177994,-41.669498493951004
23.748964400000002,90.3702079,50,5.704844210257887,-96.39188357363052
23.748874400000002,90.3702579,50,21.529692886396933,-78.78242700932235
23.7489044,90.3704079,50,17.149644751816815,-78.65084449934163
23.7490144,90.3703279,50,41.65478531385408,-51.5505514597366
23.7490144,90.3702879,50,33.122873063203805,-58.1369939589674
23.7488244,90.3703479,50,13.275074645451939,-88.18085412860479
23.7488144,90.3702679,50,26.80059231464549,-65.50195478260825
23.7489744,90.3703779,50,23.71771611592075,-68.43546107374213
23.7489744,90.3702679,50,29.884939785327656,-61.04524060325592
23.7488644,90.3702279,50,27.57323142268567,-65.09637140692341
23.7488944,90.3702179,50,30.928405092452017,-63.57660386473405
23.7489044,90.3703279,50,43.48964789257891,-43.23029317635344
23.7488544,90.3702979,50,4.9226463444420165,-91.16489956872287
23.7488944,90.3704079,50,8.677209129960678,-92.40906856679852
23.7488144,90.3702879,50,32.20393684452223,-65.70050538888121
23.7489444,90.3702679,50,6.158175427090573,-89.38976148003397
23.7488944,90.3703079,50,20.27703563072494,-79.19633718876479
23.7489944,90.3702279,50,25.8925308254849,-66.50097390895746
23.7489144,90.3702979,50,22.391245779161068,-72.55038040156488
23.7488544,90.3702579,50,23.768386240155753,-70.93322892347157
23.7489944,90.3702979,50,46.42574547377468,-47.66961729193613
23.7489944,90.3703979,50,49.33007164676843,-36.65559394601022
23.7489944,90.3702979,50,34.17160413132944,-55.20360788137828
23.7489944,90.3703679,50,34.45497715241144,-55.07060906384803
23.7488644,90.3702179,50,20.65851276847772,-73.72030030122347
23.7488344,90.3702179,50,25.461710235836378,-71.62539570542303
23.7490144,90.3702379,50,25.424271961231863,-69.74019465101092
23.7489844,90.3703179,50,37.903013942847764,-50.42834603387241
23.7489344,90.3702479,50,28.032732174173663,-70.90925314083972
23.7490144,90.3703079,50,0.5685385985149338,-94.67694543712034
23.7489444,90.3703779,50,14.31890394467783,-78.89311970050396
23.7489844,90.3702679,50,21.337144285382788,-76.62193846848685
23.7488644,90.3702379,50,38.17619104070802,-56.061108817064515
23.7489944,90.3702979,50,14.601894517182384,-82.46125407475826
23.7489544,90.3703479,50,35.5234916190317,-58.992290444137886
23.7489744,90.3702079,50,34.31993716232792,-59.93436937356969
23.7488144,90.3702779,50,25.43387319454167,-70.6965428076597
23.7490044,90.3703079,50,25.33237606973284,-74.05703884510292
23.7489844,90.3702079,50,33.37241970700593,-63.334409983802054
23.748874400000002,90.3703879,50,21.18042230842363,-77.5448700502299
23.7490144,90.3703379,50,39.92069338765547,-55.27748402950485
23.7488144,90.3704079,50,28.211210130152914,-63.18688374333115
23.7488544,90.3704079,50,27.726688844111823,-71.36392345076983
23.7488944,90.3702379,50,0.0692606325926104,-96.46465885249906
23.7489044,90.3703979,50,41.81229817865562,-46.78800562280901
23.7488944,90.3703679,50,15.088696186939504,-81.7634226758821
23.7489944,90.3702879,50,20.820759363774886,-71.14753198718444
23.7488644,90.3703279,50,49.54558331203924,-39.453176295631664
23.7488944,90.3702179,50,46.92751045999824,-41.39284730929482
23.7489944,90.3702579,50,2.2144064947591637,-99.40775260782516
23.748874400000002,90.3703879,50,25.13303549267422,-69.69017755136598
23.7489044,90.3702479,50,37.30663233085823,-52.02089331015489
23.7489544,90.3702079,50,3.050265636370125,-95.96528864982389
23.7488544,90.3702379,50,36.74376810678269,-53.18083733127788
23.7488344,90.3703679,50,46.01252877416805,-41.70672637598826
23.748964400000002,90.3702879,50,8.965374356260082,-93.0613589616739
23.7489944,90.3703779,50,27.290681923009387,-62.88528400661672
23.7489344,90.3702579,50,31.362261190179137,-58.40239633635578
23.7490144,90.3702879,50,36.47613840625609,-51.9544944812376
23.7489944,90.3702679,50,3.513255319781189,-99.435428716104
23.7489744,90.3703079,50,45.569598970657424,-50.070465642476925
23.7488344,90.3702479,50,38.359110068890445,-52.50867310423659
23.7488844,90.3703679,50,10.10909669743953,-88.04887045627383
23.7488344,90.3702079,50,29.513453168265684,-61.99263494515877
23.7489044,90.3703579,50,42.09037071196931,-49.37241445407126
23.7489944,90.3702379,50,20.46468187547289,-78.39810536462937
23.7488544,90.3702079,50,10.668012793203907,-91.82190159959866
23.7488544,90.3702179,50,24.494931103040805,-65.94828224578104
23.7489544,90.3702679,50,31.719921386481264,-64.36741841806631
23.7489944,90.3703979,50,32.52841355144235,-63.17069606270892
23.7489744,90.3703079,50,26.182134021054377,-66.33426233613415
23.7488844,90.3702979,50,2.3214438232180834,-99.43028903100252
23.7490044,90.3703579,50,30.43995705164838,-60.759429628303465
23.7489844,90.3703179,50,15.017681984071185,-82.03817456133751
23.7489444,90.3703779,50,5.29141971724158,-94.44681378332123
23.7489044,90.3702179,50,46.87377119968721,-42.51257420004506
23.7489244,90.3704079,50,4.150491011529106,-96.8040450660543
23.7490144,90.3702879,50,28.981833485703724,-69.43393885482571
23.7490144,90.3704079,50,11.147913290355493,-89.00331980159511
23.7488544,90.3702579,50,43.57718843881013,-47.16278168506707
23.7489944,90.3702879,50,14.478996138835337,-81.40421644800921
23.7489144,90.3702379,50,35.268517216024804,-58.414777051900785
23.748964400000002,90.3702079,50,17.66997954690869,-76.6713068880567
23.7489444,90.3702579,50,43.86041485599323,-43.5595493738582
23.748964400000002,90.3703379,50,29.14179443375378,-60.756443237286966
23.7488444,90.3703279,50,1.7472134768167502,-98.08652505890277
23.7488644,90.3703579,50,49.27264515997377,-39.41975398275851
23.7488344,90.3702379,50,8.84312836538535,-92.32441142190488
23.7489144,90.3702279,50,16.2749393747402,-83.03341660849469
23.7488644,90.3703379,50,15.604943314416442,-86.22984851115027
23.7488644,90.3703279,50,29.562476304627204,-68.95500269961265
23.7490044,90.3702479,50,45.96764406662661,-44.67722656646881
23.7490144,90.3703379,50,49.38280653540603,-45.19740345059548
23.7488144,90.3703979,50,19.575962644238366,-76.30446367041367
23.7490044,90.3703479,50,12.910709314180501,-85.17642939157086
23.748874400000002,90.3703179,50,36.22066616508551,-58.80978699446476
23.7489844,90.3703679,50,39.71317708642603,-52.849950980250796
23.7488344,90.3704079,50,32.49989378559099,-63.33109043739354
23.748874400000002,90.3702079,50,41.742493583022984,-52.06805108472066
23.7488544,90.3703779,50,23.261562361702858,-69.78841567617658
23.748964400000002,90.3703079,50,26.674118655676615,-66.56856836790037
23.7488444,90.3703079,50,20.71284820349809,-79.93329217485532
23.7489144,90.3702279,50,46.573963059726886,-44.63844318824596
23.7490144,90.3702279,50,21.390000717849155,-71.01715256196161
23.7489744,90.3702979,50,25.651942921649322,-65.48165730926439
23.7488244,90.3703279,50,38.6790340015725,-51.21996392940037
23.7488644,90.3703279,50,24.46906677936727,-75.39697938474275
23.7489544,90.3703679,50,20.315870233770795,-80.44656235907695
23.7488344,90.3703779,50,27.98437273690097,-70.01291752033607
23.7488944,90.3702979,50,37.14525065582216,-55.34365157467109
23.7488144,90.3702779,50,7.720311497428634,-91.41149001204155
23.7488244,90.3704079,50,0.8138272366210453,-95.8422546176659
23.7489244,90.3704079,50,39.751799489414935,-55.234652870015346
23.7490044,90.3702079,50,40.96220587485299,-51.879935831866256
23.7489244,90.3702479,50,18.173294111687376,-78.71725732278797
23.7488344,90.3704079,50,11.779592506428427,-82.00867495105132
23.7488244,90.3702179,50,15.844665927860191,-79.50235264629842
23.7490044,90.3702279,50,12.040633065976719,-81.41280652924999
23.7489444,90.3703879,50,45.061110479526995,-43.57975949021747
23.7488944,90.3703079,50,37.98105539169082,-50.334523808287216
23.748874400000002,90.3702179,50,49.06582077111414,-43.134543048188085
23.7488444,90.3702579,50,37.76011522593968,-57.47919226039433
23.7489044,90.3702679,50,48.31209897618584,-41.625889803161364
23.7490044,90.3703179,50,19.90394067567298,-80.54928080890315
23.7488544,90.3703179,50,1.767318703480475,-101.36317722689627
23.7489844,90.3703679,50,28.908189569819104,-62.28267728752987
23.7488244,90.3703679,50,11.935071536477304,-81.89835593457599
23.7488644,90.3703679,50,32.802387155297474,-64.10652641220815
23.7488944,90.3702779,50,34.375418648019,-56.82245653215677
23.7488644,90.3703379,50,39.7247221903852,-49.527187546037695
23.7488144,90.3703279,50,41.613635396509025,-46.986366235457304
23.7489444,90.3704079,50,25.357232315460376,-64.98370101505195
23.7488944,90.3702879,50,42.13883346933616,-52.279332280369154
23.748964400000002,90.3703879,50,1.0678019890020207,-102.55520449170096
23.7489844,90.3702379,50,39.69575587303512,-48.928869443752575
23.7489044,90.3703479,50,10.405967652201603,-87.84361261971337
23.7488444,90.3702979,50,42.867083046970734,-45.20018745816712
23.7490144,90.3702779,50,16.402134980308947,-78.44541740786279
23.7488644,90.3702979,50,37.967837069151,-53.67396378757596
23.7489744,90.3702579,50,43.59984927672571,-52.15773294668184
23.7488144,90.3702979,50,17.262083119588212,-77.13856854423354
23.748874400000002,90.3703079,50,35.26836527864429,-54.08036939782885
23.7488144,90.3702479,50,12.80200486187087,-88.35419178719513
23.7488344,90.3703079,50,0.07322055490959767,-99.52402733924583
23.7489144,90.3702479,50,31.25299490097951,-63.226856159482324
23.748964400000002,90.3702779,50,1.222746727213142,-101.44477346147303
23.7489344,90.3704079,50,15.945248253376343,-79.76134705891009
23.7489044,90.3703479,50,47.96025835903219,-39.59918266768369
23.7489944,90.3702579,50,6.245429311672818,-96.39634802150289
23.748874400000002,90.3703979,50,6.8644237972295405,-89.61756460047751
23.748964400000002,90.3702779,50,17.880865766412285,-79.04097342420278
23.7490044,90.3703779,50,22.606353079223652,-71.7042113889837
23.748964400000002,90.3704079,50,41.05985221028917,-47.30006039314442
23.7488844,90.3702179,50,32.29770887327494,-59.33141076813267
23.7489344,90.3703879,50,44.179133094554004,-46.56507087090206
23.7488344,90.3702579,50,36.464723222369535,-52.629703584546824
23.7488244,90.3703479,50,49.07173789141085,-41.24578026658391
23.7489144,90.3703479,50,41.034188031156596,-54.21322372067382
23.7488644,90.3702179,50,39.65090318052104,-51.21364779075783
23.7488644,90.3702579,50,49.06231760122089,-46.104011868500564
23.7488644,90.3704079,50,45.96385859105745,-49.292370492069786
23.7488944,90.3703179,50,3.9667802038255373,-96.76982993012518
23.748964400000002,90.3702079,50,6.239467269565696,-87.69769709415043
23.7488144,90.3703179,50,35.07256262285112,-61.12251639329254
23.7488944,90.3702279,50,5.857130930142651,-96.42881054007742
23.7490044,90.3702479,50,42.673024646373015,-47.84139004551345
23.7488544,90.3702679,50,6.3897853891528635,-95.34998671376032
23.7488344,90.3702579,50,27.259675509596015,-71.66411582600688
23.7490044,90.3703879,50,43.211287149379935,-50.96851442145524
23.7489044,90.3703979,50,8.262222252418926,-93.61085730368764
23.7488344,90.3703979,50,25.687599825193214,-74.11346781601368
23.7488944,90.3702479,50,23.954884124187142,-68.19446106090989
23.7489944,90.3702579,50,12.791363197974604,-86.32276498383011
23.7489244,90.3703579,50,33.689448720879774,-59.57672062953095
23.748964400000002,90.3702479,50,10.297918783449994,-87.13711888024588
23.7488944,90.3702079,50,8.022163894822803,-86.3300246572117
23.7488144,90.3702079,50,9.31201100736589,-92.80321067629185
23.7489744,90.3703579,50,7.675773341842978,-86.44460106700637
23.748874400000002,90.3703479,50,24.24163558406213,-71.66069837868088
23.7489244,90.3703779,50,4.073788143089329,-96.85936695704135
23.7489944,90.3702979,50,14.18742919117298,-81.01005862247546
23.748874400000002,90.3702279,50,27.92005149327224,-69.01998696611118
23.7489044,90.3702879,50,32.93920512011142,-60.15656139972664
23.7489944,90.3703379,50,11.094125131338506,-88.530893489173
23.7488644,90.3703679,50,11.907530395038702,-84.56863225060046
23.7489144,90.3702279,50,19.699182551641726,-75.90420822544404
23.7489544,90.3703679,50,33.96078059080413,-59.08113541546431
23.7489244,90.3702079,50,10.455113855343978,-91.28338734285155
23.7489744,90.3703379,50,35.308238209589035,-53.29463197579908
23.7488344,90.3702479,50,48.23934647766568,-45.02983037973396
23.7488144,90.3702179,50,5.833288059232028,-97.08329849044775
23.7489844,90.3702879,50,36.259720033169316,-57.78148072205731
23.748964400000002,90.3702079,50,23.841037289438404,-66.92092466551557
23.7489744,90.3703579,50,46.87614502190214,-46.03696374983925
23.7490044,90.3703079,50,35.609644350961325,-55.18618584806993
23.7489744,90.3702179,50,3.485272278474316,-94.66163284758674
23.7490044,90.3703079,50,8.139392389915539,-85.59016437701726
23.748964400000002,90.3704079,50,48.82277037748579,-38.32923899759659
23.7489944,90.3703579,50,6.239559932689787,-93.85932840728236
23.7488644,90.3703779,50,21.631074598999493,-75.19197282996417
23.748964400000002,90.3703579,50,24.2000885893538,-74.94549629117653
23.7490144,90.3703179,50,20.288467184785425,-78.89319734732453
23.7489144,90.3703779,50,32.11025373448815,-62.81094240925777
23.7489344,90.3702379,50,43.59184901208449,-45.3416257706198
23.748874400000002,90.3702179,50,7.926533090464149,-94.54718067159895
23.7489444,90.3703479,50,8.461505944914748,-93.26590505209263
23.7488844,90.3702379,50,43.1557249359786,-45.534720334475026
23.7490044,90.3702179,50,8.679661368491443,-91.28311668921476
23.7488144,90.3703479,50,40.722079167660105,-50.815807200765434
23.7489844,90.3703779,50,0.7249006700079053,-100.96822116729612
23.7488944,90.3702779,50,9.16254703628353,-87.70625344881537
23.7489044,90.3703379,50,7.327801409929519,-90.34725468223756
23.7489944,90.3703079,50,16.160713073814836,-80.46374905446672
23.7489344,90.3702279,50,30.780508979721194,-59.24661860204558
23.7488844,90.3702579,50,1.0809613575672783,-102.60541184954067
23.7488544,90.3703579,50,44.944541519623044,-44.233223519842895
23.7489044,90.3703579,50,18.205830257184136,-82.58412437203863
23.7488144,90.3702179,50,10.770084933728945,-87.73660048005621
23.748964400000002,90.3702379,50,40.762953655997755,-53.13892101882564
23.7488944,90.3702579,50,0.73994182931989,-100.93752755602384
23.7489444,90.3702079,50,28.202093330710753,-69.94446672269406
23.7488144,90.3703879,50,38.02576147753353,-54.74955576921208
23.7488944,90.3703879,50,12.08408257585949,-86.7147288910261
23.7489944,90.3703979,50,5.172396060513545,-94.76989575182839
23.7488544,90.3703779,50,37.00333872642562,-59.54028990635351
23.7490044,90.3704079,50,35.95464332871431,-52.88787601134124
23.7489844,90.3702079,50,30.46749700162214,-62.230047226527205
23.7488844,90.3702379,50,10.544064611678412,-88.66139289485984
23.7489244,90.3703079,50,6.43668673827481,-92.07078433899908
23.7488244,90.3702179,50,15.954757700110566,-83.36040735534958
23.7490144,90.3703679,50,11.195985325112712,-87.88252701163978
23.7489544,90.3702679,50,11.760934307206428,-87.24457117633203
23.7488244,90.3703179,50,30.81881363624226,-60.014736749273624
23.7490144,90.3703279,50,45.36203268636198,-44.119649557847964
23.7488844,90.3703879,50,9.95196353193067,-91.38791833994505
23.7488444,90.3702579,50,48.4461066757244,-41.68644029046909
23.7488644,90.3703979,50,7.228682630715727,-94.7619477618758
23.7488444,90.3703679,50,49.43013355692272,-37.45161020150435
23.7488244,90.3702979,50,37.46172481265126,-57.040140110664126
23.7488944,90.3703979,50,9.771448222038181,-86.42018628265691
23.7489044,90.3702179,50,42.853108535948984,-44.90174505620253
23.7489344,90.3702479,50,38.12230691508518,-52.0282843765752
23.7489144,90.3703079,50,44.73486926031775,-47.141284832413795
23.7489744,90.3703979,50,2.2072579216279475,-100.22887196626262
23.7489744,90.3703979,50,4.794761017851956,-96.19303974750012
23.7489544,90.3702279,50,25.237160251296032,-69.2089290528395
23.7489844,90.3703779,50,8.566416355750489,-84.82599585014867
23.7488344,90.3703379,50,35.708086639982554,-53.816389770899384
23.7488144,90.3703779,50,26.77930058665679,-69.588854003652
23.7489944,90.3702179,50,16.585244743305765,-76.20027167125751
23.7489744,90.3703079,50,6.453970665022118,-90.4360751480724
23.7489144,90.3702079,50,12.808726403353099,-89.32868926303095
23.7488644,90.3702679,50,39.112993768150986,-56.58198891274929
23.7488944,90.3702079,50,33.20180125871665,-58.13526874461688
23.7489744,90.3702579,50,47.07715847430723,-40.10357925929841
23.7488444,90.3703579,50,13.127491543442016,-85.5522885683463
23.7489344,90.3702979,50,23.133667216829352,-69.61336196384175
23.748874400000002,90.3702479,50,12.277075861556902,-82.29523392452252
23.7488244,90.3703879,50,8.002690626121323,-89.74878231132213
23.7488544,90.3703579,50,22.371281187653686,-71.19374044152742
23.7489844,90.3702279,50,4.078783295947691,-94.98571414908838
23.7489044,90.3703979,50,13.552316281514976,-85.50945221166337
23.7489044,90.3702379,50,9.91448906989757,-92.77724825255197
23.7489744,90.3702479,50,43.66991961364861,-49.92829123859844
23.7489244,90.3703879,50,6.795007328967828,-90.24538426779802
23.7489044,90.3702679,50,16.83904358104354,-77.79074352838875
23.7489144,90.3702579,50,7.429439868336518,-93.53394319840983
23.7488644,90.3702579,50,18.623530263483374,-75.51890345123962
23.7489344,90.3702279,50,43.83291923928737,-49.32622820162686
23.7489744,90.3703879,50,13.409777034831494,-84.57117665847512
23.7488144,90.3702879,50,39.190974102635394,-51.180520867074854
23.748874400000002,90.3702479,50,43.29266913347875,-45.48681673800965
23.7488944,90.3703779,50,32.99816405219133,-61.60141274272215
23.7488344,90.3703179,50,29.260889403038593,-67.45740792682578
23.7489544,90.3703479,50,21.202482851689986,-73.42381487703794
23.7488944,90.3703079,50,33.43327859832646,-62.651685261284584
23.7488644,90.3703079,50,11.819701463674527,-88.9146946568196
23.7490144,90.3702279,50,11.83980200356715,-86.26060449151413
23.7489544,90.3703679,50,24.14682870740143,-67.91642388255889
23.7489544,90.3702079,50,1.8041467531939748,-95.73455703837476
23.748874400000002,90.3702679,50,48.35592785770431,-45.98614725448296
23.7489544,90.3702479,50,27.8382167656682,-66.86488969667025
23.7489044,90.3703179,50,25.83038080728452,-64.3426793775964
23.7489444,90.3703479,50,31.556603466634403,-60.6368041632722
23.7488644,90.3702179,50,15.597785754133241,-79.26863417297307
23.7488544,90.3703479,50,48.51613204789517,-44.49474826005993
23.7489944,90.3702979,50,49.66420984978779,-40.56855216097444
23.748874400000002,90.3702079,50,36.14925781546221,-58.16648484971126
23.7489844,90.3703879,50,44.58107154348319,-46.590336143440325
23.7488244,90.3703779,50,3.578497464928332,-96.43048978482837
23.7489444,90.3702279,50,27.696321773464234,-66.62944268463121
23.7489844,90.3703079,50,6.932225662543884,-88.8358337651236
23.7489944,90.3702779,50,19.140878258000367,-75.25765429241338
23.7488144,90.3703379,50,20.50226657211726,-73.72448619814693
23.748964400000002,90.3702679,50,0.11427960565311146,-104.56425726990233
23.7489444,90.3703679,50,36.101745769121266,-52.26966912166992
23.7488244,90.3702979,50,1.1128241641440717,-103.58886842156475
23.7489744,90.3702479,50,5.739369186785242,-95.56872111346017
23.748964400000002,90.3702379,50,15.824072964023312,-84.79069176473405
23.7490144,90.3703779,50,27.573848884481727,-64.1439383360871
23.7490144,90.3703779,50,11.616333996120249,-88.12754067929231
23.7489144,90.3703279,50,38.71806633626957,-53.709582486530614
23.7490144,90.3702479,50,45.52045564094716,-46.35630310038473
23.748964400000002,90.3703079,50,39.58778162869981,-52.960403577543204
23.7489444,90.3703979,50,49.526653648367166,-37.89633533678458
23.7488644,90.3702179,50,27.803134539049086,-70.19778110192861
23.748874400000002,90.3702179,50,7.691917408931359,-88.00631183352608
23.7489044,90.3703179,50,18.996611446814455,-79.8301271297168
23.7489844,90.3703979,50,30.509575032281035,-63.13056229562689
23.7488144,90.3703779,50,29.381158380090895,-61.73774756491701
23.7490144,90.3703979,50,12.089815096123951,-87.54155743036534
23.7488444,90.3703279,50,4.0536913271307204,-96.6372246310688
23.7489944,90.3702679,50,11.81490247130087,-82.78841209740295
23.7489444,90.3702279,50,2.67472177523439,-96.48835127778123
23.748874400000002,90.3702779,50,20.561522391018478,-79.76067221964189
23.7488844,90.3702979,50,22.779455934992516,-77.45217277095476
23.7488544,90.3702679,50,36.482822981284166,-59.185120091977204
23.7489244,90.3702979,50,4.144222982054235,-96.74405165753313
23.7489544,90.3702879,50,29.62957202941421,-65.94722633212298
23.748874400000002,90.3702479,50,18.28223871352445,-74.54074174721929
23.7489844,90.3702379,50,1.530645800773428,-96.55448997115003
23.7489544,90.3702679,50,29.039791039206936,-69.51878753799436
23.7489044,90.3702179,50,35.764122936373404,-52.545211459058265
23.7488344,90.3703179,50,47.931659398229456,-37.755405406728684
23.7490144,90.3703879,50,46.51049041162103,-44.240730119618945
23.7488244,90.3704079,50,44.11769493651213,-42.23709357582493
23.7489244,90.3702879,50,26.2550440350622,-71.63705132035949
23.7488144,90.3703679,50,26.080958446593222,-72.81335484791356
23.7489044,90.3703679,50,1.3494437853670493,-94.76159611733958
23.7490044,90.3703579,50,29.957719231510982,-59.05867644970114
23.7488644,90.3703379,50,48.66505387615548,-41.895590600764265
23.7488444,90.3703679,50,35.92908140613033,-54.21763184119919
23.7488944,90.3703579,50,22.526280081374956,-70.97689344911464
23.7489044,90.3703779,50,30.54684380114068,-66.88066563082025
23.748964400000002,90.3703679,50,20.889043889036245,-78.02529721191411
23.7489044,90.3702479,50,46.890413174529215,-41.19312467561426
23.7489144,90.3702879,50,32.00971394774502,-62.460902002873205
23.7488444,90.3703179,50,13.639894834063382,-82.01132680935018
23.7489544,90.3702279,50,13.680634672060826,-79.63225340519668
23.7489544,90.3703279,50,14.878504242727331,-80.05491209581254
23.7489944,90.3704079,50,3.1534625887785825,-98.70285179613987
23.7488344,90.3702479,50,9.712775105330056,-93.22388992867747
23.748964400000002,90.3703679,50,4.738893791818166,-92.55708100348758
23.7488444,90.3702179,50,20.542165943255743,-76.67509333450529
23.7490144,90.3703179,50,24.13891601288357,-73.15024752509989
23.748874400000002,90.3702179,50,16.46110517022047,-75.43655423284935
23.7489344,90.3703579,50,17.432015023008606,-82.37538236309081
23.7490044,90.3703179,50,21.511731773173814,-72.7444856679948
23.7489844,90.3703879,50,10.22589445215104,-87.02542466663157
23.7489844,90.3703679,50,44.092171866908906,-48.777974870744536
23.7489944,90.3703879,50,15.027630267798692,-85.71269895880619
23.7489844,90.3703579,50,46.20202342768954,-46.241119155619344
23.7489044,90.3702179,50,14.483022708237364,-85.76015983993655
23.7489944,90.3703979,50,23.23949146737866,-72.0719506584456
23.7488144,90.3703479,50,31.714592950137728,-64.57581102933884
23.7488544,90.3703979,50,28.22355239233405,-70.51344227371001
23.7488944,90.3702579,50,2.1816636701306233,-96.38869704332579
23.7489544,90.3702179,50,29.152396592676,-66.0834895166423
23.7489444,90.3703479,50,40.9242837547292,-49.5378916369726
23.7489844,90.3702679,50,40.36853258289924,-46.92508781311977
23.7490044,90.3702479,50,3.550872689036899,-94.85995060875194
23.7488544,90.3703779,50,5.245228782372724,-89.85354536879342
23.7488644,90.3702479,50,38.56015520738238,-48.958432776259016
23.7489144,90.3704079,50,16.722511954388125,-80.96011986937154
23.7489744,90.3702579,50,40.5500864154845,-46.651709587845474
23.7489744,90.3703779,50,22.574606580111723,-72.1380074237456
23.7489144,90.3702679,50,40.71716896545743,-54.16333908319615
23.7488144,90.3703179,50,24.327968227670695,-72.7678753024888
23.7489744,90.3703179,50,29.554401094530757,-60.30920707741423
23.7489944,90.3702279,50,33.92881628700704,-59.29249540656515
23.7488444,90.3703179,50,30.363489180535797,-68.24629058822653
23.7488844,90.3703979,50,49.05812143821259,-40.219483149439455
23.7489844,90.3703079,50,22.472153574086782,-71.36605541423923
23.7490144,90.3703979,50,46.62598776447093,-47.90248132057714
23.7489844,90.3702179,50,26.847504705341528,-72.69909603442142
23.7489744,90.3703679,50,13.915792032654068,-81.01778552655509
23.7490144,90.3702879,50,24.76516894506408,-70.2722017895407
23.748874400000002,90.3704079,50,29.722678027287813,-60.85166652554226
23.7489944,90.3702279,50,22.161504531519878,-68.8515053695049
23.7489044,90.3703779,50,25.956996852093546,-64.98167636989622
23.748874400000002,90.3702979,50,39.761780822871636,-49.93537949519214
23.7488844,90.3703779,50,46.44028188999108,-41.740374094356596
23.7489744,90.3703379,50,48.62219307144798,-45.295061766470745
23.7488844,90.3702479,50,8.053357315630366,-85.48733944273398
23.7488144,90.3703979,50,13.89841971251537,-81.57055966071366
23.7488344,90.3702679,50,41.20584519618081,-52.74201527540177
23.7489144,90.3703879,50,30.882307792051783,-67.12094574941644
